[{"id":"c6115c69-3dd6-4e10-9441-283ab072f1e4","path":"/init.ipynb"},{"id":"1076c3f7-6aa3-4ee8-834c-a41e6147b744","path":"/data"},{"id":"d8610e9d-bb99-4d8a-96f5-5a89558de381","path":"/data/articles.sql"},{"id":"a8329e70-e25a-4b00-b9a6-709cbc6ef56a","path":"/data/sellers.xlsx"},{"id":"18aa7d09-11a2-4079-8127-e8e1041eeddd","path":"/data/orders.csv"},{"id":"27b24ab5-e730-4858-adaa-09bb9e40c5a9","path":"/data/articles.db"},{"id":"ac8c0622-71c3-41b5-be20-a604f0dd5110","path":"/img"},{"id":"c6a898c7-e6af-4daf-b90c-fefe73c8dd9f","path":"/TP integrador.ipynb"},{"id":"a3ef2d23-9994-4cb3-839b-6dde9a6258b4","path":"/img/modelo.png"},{"id":"32c8d07d-e14a-44d8-bd84-06b21f27f065","path":"/img/portada.png"}]